Bending the Curve: Writing Safe & Fast Native Ruby Gems With Rust,https://skylight.ghost.io/bending-the-curve-writing-safe-fast-native-gems-with-rust/
"20,000 Leagues Under ActiveRecord",http://patshaughnessy.net/2014/9/17/20000-leagues-under-activerecord
Ajax and Controllers,/r/ruby/comments/2ha6iz/ajax_and_controllers/
RSpec Question (x-post r/learnprogramming),/r/ruby/comments/2hac8y/rspec_question_xpost_rlearnprogramming/
Anyone able to help me deal with this pik error? (Or to get around it ),http://stackoverflow.com/questions/26004375/error-when-attempting-to-install-ruby-1-9-with-pik
Validating JSON Schemas with an RSpec Matcher,http://robots.thoughtbot.com/validating-json-schemas-with-an-rspec-matcher
"Dancing drones, Matz, sun and the nicest-looking presentation ever, in other words, BaRuCo 2014",https://netguru.co/blog/sunny-memories-from-the-barcelona
"Are there any Databases written in Pure Ruby? Related to ""FullStack Ruby"" Development.",/r/ruby/comments/2h8xew/are_there_any_databases_written_in_pure_ruby/
Tiny testing,http://pooreffort.com/blog/tiny-testing/
Don't daemonize your daemons!,http://www.mikeperham.com/2014/09/22/dont-daemonize-your-daemons/
It’s a rails world babe and it ain’t magic.,https://prograils.com/posts/its-a-rails-world-babe-and-it-aint-magic
How big is too big for a monolithic rails application ?,/r/ruby/comments/2h7npy/how_big_is_too_big_for_a_monolithic_rails/
Simulating an hexagonal grid.,/r/ruby/comments/2h7lqc/simulating_an_hexagonal_grid/
Other ways to interact with an object,http://codingwithaxe.com/interacting-with-objects
Great new feature in RSpec 3: Verifying Doubles,https://wegowise.github.io/blog/2014/09/03/rspec-verifying-doubles/
Easy interoperability between Ruby and Python scripts with JSON,http://reganmian.net/blog/2014/09/22/easy-interoperability-between-ruby-and-python-scripts-with-json/
Current Status of Ruby Language (the real discussion),/r/ruby/comments/2h5m8f/current_status_of_ruby_language_the_real/
How to properly deal with timezones in Ruby apps,https://wegowise.github.io/blog/2014/08/25/timezones-are-hard-a-presentation/
"Learning Advanced Ruby: ""The Right Way""",/r/ruby/comments/2h4dl6/learning_advanced_ruby_the_right_way/
Daemonizing Ruby Processes,http://codeincomplete.com/posts/2014/9/15/ruby_daemons/
"Arrays are to hard, what should I do?",/r/ruby/comments/2h6zu3/arrays_are_to_hard_what_should_i_do/
Figuring out clearer ways of using Structs,http://thomasleecopeland.com/2014/09/22/various-ways-to-create-structs.html
Video Processing with IronWorker + FFmpeg (Ruby example included),http://blog.iron.io/2014/09/new-ffmpeg-ironworker-stack-for-easy.html
Finding specific strings within an array and comparing to a list,/r/ruby/comments/2h4zyf/finding_specific_strings_within_an_array_and/
Rails Ramp up,/r/ruby/comments/2h5ir6/rails_ramp_up/
