Why I don't metaprogram more,https://github.com/davidbalbert/programming-journal/blob/master/2014-1-8-why-dont-i-metaprogram-more.markdown
Concurrency patterns in RubyMotion,http://blog.arkency.com/2014/08/concurrent-patterns-in-rubymotion/
Raggi steps down as maintainer of Rack,https://groups.google.com/forum/#!topic/rack-devel/P8oOycVBaH0
Building a robust JSON API client with Ruby,http://www.binpress.com/tutorial/ruby-tutorial-building-a-robust-json-api-client/140
Rails on a diet,http://naturaily.com/blog/post/rails-on-a-diet
Code review,/r/ruby/comments/2dyiyu/code_review/
Do you use desktop (gui) ruby apps?,/r/ruby/comments/2dwygs/do_you_use_desktop_gui_ruby_apps/
"Omniref, ruby documentation and other great features through your omnibox [Chrome Extension]",http://imgur.com/TMLILD5.png
Panel: The Future of Ruby,http://vimeo.com/album/2996485/video/103590400
"It's simple, we kill eval",http://postmodern.github.io/2013/03/07/its-simple-we-kill-eval.html
axlsx excel help,/r/ruby/comments/2dwzha/axlsx_excel_help/
How to get access_tokens using Rails and Strava API,/r/ruby/comments/2dviec/how_to_get_access_tokens_using_rails_and_strava/
Yabbie,http://net-engine.github.io/yabbie/
RubyMine Keyboard Shortcuts You Cannot Miss,http://csnipp.com/s/115/-RubyMine-Keyboard-Shortcuts-You-Cannot-Miss
First-time conf presenter in need of some advice,/r/ruby/comments/2dtmwh/firsttime_conf_presenter_in_need_of_some_advice/
Weekly Programming Digest #69,http://chodounsky.net/2014/08/18/weekly-programming-digest-69/
How to hire a Ruby developer for new lean startup,/r/ruby/comments/2dv8jm/how_to_hire_a_ruby_developer_for_new_lean_startup/
"Expand range like strings to lists/arrays (e.g.: ""ba[r,z][^2, 1-3]"")",https://gist.github.com/2called-chaos/3710922bfd25c71c5b52
Q: How do I use Digest Authentication with Ruby?,/r/ruby/comments/2du74i/q_how_do_i_use_digest_authentication_with_ruby/
Introduction to AWS Cloud Formations and using Ruby to build custom resources,http://mauricio.github.io/2014/08/16/custom-cloud-formation-resources-in-ruby.html
Get to Know a Gem: Main Chapter 3,http://www.kavinder.com/blog/2014-08-16-get-to-know-a-gem-main-chapter-3/
Introducing Http::Exceptions,https://blog.rainforestqa.com/2014-08-15-introducing-http-exceptions/
Matz @ Lumos [Video],http://vimeo.com/103464608
Better Browsing for Ruby Developers: Omniref Plugins for Chrome and Firefox,https://www.omniref.com/blog/blog/2014/08/15/browser-plugins-for-chrome-and-firefox/
Another First Ruby Program (Feedback appreciated),/r/ruby/comments/2dq1ol/another_first_ruby_program_feedback_appreciated/
